uuid,event_id,category,type,value,comment,to_ids,date,object_relation,attribute_tag,object_uuid,object_name,object_meta_category
"5e15e7b0-dfe0-4f86-83de-2a9e19d2faa1",1295,"Payload delivery","domain","drive.staticcontent.kz","",1,1578493872,"","","","",""
"5e15e7b0-e1dc-4635-b973-2a9e19d2faa1",1295,"Network activity","domain","web000aaa.info","",1,1578493872,"","","","",""
"5e15e7b0-36c0-4ede-8b82-2a9e19d2faa1",1295,"Network activity","domain","traveldials.com","",1,1578493872,"","","","",""
"5e15e7b0-3c94-4496-adb9-2a9e19d2faa1",1295,"Network activity","domain","northtracing.net","",1,1578493872,"","","","",""
"5e15e7b0-7830-468a-a262-2a9e19d2faa1",1295,"Network activity","domain","magikorigin.me","",1,1578493872,"","","","",""
"5e15e7b0-9ea0-42a5-a643-2a9e19d2faa1",1295,"Network activity","ip-dst","5.9.161.246","",1,1578493872,"","","","",""
"5e15e7b1-3ef8-4abc-ae54-2a9e19d2faa1",1295,"Network activity","ip-dst","192.99.38.41","",1,1578493873,"","","","",""
"5e15ed28-80e4-43e2-baa4-2a9968f8e8cf",1295,"Network activity","snort","alert http $HOME_NET any -> $EXTERNAL_NET any (msg:""PowerTrick Task Request""; content:""POST""; http_method; content:""p=t&p1=""; offset:0; depth:7; http_client_body; classtype:trojan-activity; sid:9000019; rev:1; metadata:author Jason Reaves;)","Snort/Suricata IDS Rules",1,1578495272,"","","","",""
"5e15ed28-9d20-465c-b6d9-2a9968f8e8cf",1295,"Network activity","snort","alert http $HOME_NET any -> $EXTERNAL_NET any (msg:""PowerTrick Task Checkin""; content:""POST""; http_method; content:""p3=""; offset:0; depth:3; http_client_body; content:""p=i""; http_client_body; content:""p1=""; http_client_body; content:""p2=""; http_client_body; content:""p9=""; http_client_body; classtype:trojan-activity; sid:9000020; rev:1; metadata:author Jason Reaves;)","Snort/Suricata IDS Rules",1,1578495272,"","","","",""
"5e15ed28-6c04-4d0a-a38a-2a9968f8e8cf",1295,"Network activity","snort","alert http $HOME_NET any -> $EXTERNAL_NET any (msg:""PowerTrick Task Answer""; content:""POST""; http_method; content:""p3=""; offset:0; depth:3; http_client_body; content:""&p5=""; http_client_body; content:""&p=a&""; http_client_body; content:""&p1=""; http_client_body; content:""&p9=""; http_client_body; classtype:trojan-activity; sid:9000021; rev:1; metadata:author Jason Reaves;)","Snort/Suricata IDS Rules",1,1578495272,"","","","",""
"5e15ed28-2634-412d-bff7-2a9968f8e8cf",1295,"Network activity","snort","alert http $HOME_NET any -> $EXTERNAL_NET any (msg:""PowerTrick Known Key 1""; content:""POST""; http_method; content:""p1=P4YCVQER8UWpfzxVFmVSDyBLzKL3yV6c""; http_client_body; classtype:trojan-activity; sid:9000022; rev:1; metadata:author Jason Reaves;)","Snort/Suricata IDS Rules",1,1578495272,"","","","",""
"5e15ed28-ce08-43f4-b248-2a9968f8e8cf",1295,"Network activity","snort","alert http $HOME_NET any -> $EXTERNAL_NET any (msg:""PowerTrick Known Key 2""; content:""POST""; http_method; content:""p1=ybEsTxhqPuN4uVkemt6WjxaJN8jBdAGLxKeY9a4CnMTLSSq2""; http_client_body; classtype:trojan-activity; sid:9000026; rev:1; metadata:author Jason Reaves;)","Snort/Suricata IDS Rules",1,1578495272,"","","","",""
"5e15ed28-6060-43cd-9ea8-2a9968f8e8cf",1295,"Network activity","snort","alert http $HOME_NET any -> $EXTERNAL_NET any (msg:""PowerTrick download ver1 bot""; content:""?x=UDRZQ1ZRRVI4VVdwZnp4VkZtVlNEeUJMektMM3lWNmM=&a=ips""; http_uri; classtype:trojan-activity; sid:9000023; rev:1; metadata:author Jason Reaves;)","Snort/Suricata IDS Rules",1,1578495272,"","","","",""
"5e15ed28-2a94-49c8-9df5-2a9968f8e8cf",1295,"Network activity","snort","alert http $HOME_NET any -> $EXTERNAL_NET any (msg:""PowerTrick download ver2 bot""; content:""?a=irs&x=""; http_uri; classtype:trojan-activity; sid:9000024; rev:1; metadata:author Jason Reaves;)","Snort/Suricata IDS Rules",1,1578495272,"","","","",""
"5e15ed28-de84-40c0-958f-2a9968f8e8cf",1295,"Network activity","snort","alert http $HOME_NET any -> $EXTERNAL_NET any (msg:""PowerTrick download bot known key""; content:""?x=UDRZQ1ZRRVI4VVdwZnp4VkZtVlNEeUJMektMM3lWNmM""; http_uri; classtype:trojan-activity; sid:9000025; rev:1; metadata:author Jason Reaves;)","Snort/Suricata IDS Rules",1,1578495272,"","","","",""

